<?xml version="1.0" encoding="UTF-8"?>
<project-private xmlns="http://www.netbeans.org/ns/project-private/1">
    <editor-bookmarks xmlns="http://www.netbeans.org/ns/editor-bookmarks/2" lastBookmarkId="0"/>
    <open-files xmlns="http://www.netbeans.org/ns/projectui-open-files/2">
        <group>
            <file>file:/C:/Users/Fadhli%20Hisyam/Documents/GitHub/RSBK-uas/rsbk_uas/src/java/com/rsbk/com/DB_connection.java</file>
            <file>file:/C:/Users/Fadhli%20Hisyam/Documents/GitHub/RSBK-uas/rsbk_uas/web/edit.xhtml</file>
            <file>file:/C:/Users/Fadhli%20Hisyam/Documents/GitHub/RSBK-uas/rsbk_uas/src/java/com/rsbk/com/Pasien.java</file>
            <file>file:/C:/Users/Fadhli%20Hisyam/Documents/GitHub/RSBK-uas/rsbk_uas/web/WEB-INF/web.xml</file>
            <file>file:/C:/Users/Fadhli%20Hisyam/Documents/GitHub/RSBK-uas/rsbk_uas/web/index.xhtml</file>
        </group>
    </open-files>
</project-private>
